Metadata_broad_sample,Metadata_Treatment
ccsbBroad304_00117,ATF4_WT.1
ccsbBroad304_07101,TSC2_WT
ccsbBroad304_00150,BAX_WT
ccsbBroad304_07127,VEGFC_WT.1
ccsbBroad304_00155,CCND1_WT.1
ccsbBroad304_07128,VHL_WT.1
ccsbBroad304_00168,BMPR1B_WT.1
ccsbBroad304_07217,AXIN2_WT.1
ccsbBroad304_00173,BRCA1_WT
ccsbBroad304_00223,CASP9_WT
ccsbBroad304_07529,AKT3_WT.1
ccsbBroad304_08116,TBK1_WT.1
ccsbBroad304_00276,CDK2_WT.1
ccsbBroad304_08230,IRAK4_WT
ccsbBroad304_00277,CDK4_WT.1
ccsbBroad304_10688,ATM_WT.1
ccsbBroad304_00282,CDKN1A_WT
ccsbBroad304_10689,ATM_WT.2
ccsbBroad304_00348,MAP3K8_WT
ccsbBroad304_10710,CASP8_WT.1
BRDN0000464896,EIF2A_WT.1
BRDN0000464976,CTNNB1_S33A.S37A.T41A.T45A
BRDN0000464897,GSK3B_WT.1
BRDN0000464977,PRKCA_K368R
BRDN0000464898,MAP3K2_WT.1
BRDN0000464978,CARD11_F123I.mismatch
BRDN0000464899,ARAF_WT.1
BRDN0000464979,CARD11_L225LI
BRDN0000464900,XBP1_WT.1
BRDN0000464980,CDC42_Q61L
BRDN0000464901,HSPA5_WT
BRDN0000464902,VHL_WT.2
BRDN0000464981,RAF1_L613V
BRDN0000464903,GSK3B_WT.2
BRDN0000464982,RAC1_Q61L
BRDN0000464904,EIF4E_WT.1
BRDN0000464983,RAC1_T17N
BRDN0000464905,RB1_WT.1.mismatch
BRDN0000464984,PRKCE_K437R.mismatch
BRDN0000464985,RHOA_Q63L
ccsbBroad304_00360,CREB1_WT
ccsbBroad304_10790,DVL1_WT.1
ccsbBroad304_11001,NOTCH2_WT
ccsbBroad304_00361,ATF2_WT
ccsbBroad304_11031,PIK3R2_WT
ccsbBroad304_00371,MAPK14_WT.1
ccsbBroad304_11052,PPP2R5C_WT.1
ccsbBroad304_00379,CSNK1E_WT.1
ccsbBroad304_11095,RELA_WT.1
ccsbBroad304_00470,DVL2_WT
ccsbBroad304_11169,ADAM17_WT
ccsbBroad304_00490,EIF4EBP1_WT
ccsbBroad304_00498,ELK1_WT
ccsbBroad304_11186,TGFBR2_WT.1
ccsbBroad304_00565,FH_WT
ccsbBroad304_12062,EGLN1_WT.1.mismatch
ccsbBroad304_13449,RICTOR_WT
ccsbBroad304_00841,IKBKB_WT
ccsbBroad304_14528,ACVR1B_WT.1
ccsbBroad304_00882,IRS1_WT
ccsbBroad304_14538,AKT1_WT.1
BRDN0000464906,XIAP_WT.1
BRDN0000464986,TGFBR1_K232R
BRDN0000464907,CDC42_WT
BRDN0000464987,BRAF_V600E
BRDN0000464908,TP53_WT.1
BRDN0000464988,SRC_Y527F
BRDN0000464909,CRY1_WT.1
BRDN0000464910,HIF1A_WT.1
BRDN0000464989,KRAS_G12V
BRDN0000464911,NFKB2_WT
BRDN0000464990,HRAS_G12V
BRDN0000464912,RAC1_WT.1
BRDN0000464991,MEK1_S218D.S222D.mismatch
BRDN0000464913,ERN1_WT.1
BRDN0000464992,AKT1_E17K
BRDN0000464993,FGFR3_K650E
BRDN0000464914,RPS6KB1_WT.1
BRDN0000464994,ERG_truncated
BRDN0000464915,E2F1_WT
BRDN0000464916,BECN1_WT
BRDN0000464996,NOTCH1_ICN1.1
ccsbBroad304_00962,SMAD4_WT
ccsbBroad304_14544,ARAF_WT.2
ccsbBroad304_00963,SMAD5_WT
ccsbBroad304_14572,CDK2_WT.2
ccsbBroad304_01093,NFKBIA_WT
ccsbBroad304_14574,CDK4_WT.2
ccsbBroad304_01094,NFKBIB_WT
ccsbBroad304_14596,MAPK14_WT.2
ccsbBroad304_01168,PDPK1_WT.1
ccsbBroad304_14601,CSNK1E_WT.2
ccsbBroad304_01202,PIK3CB_WT.1
ccsbBroad304_01204,PIK3CD_WT
ccsbBroad304_14634,ERN1_WT.2
ccsbBroad304_01278,PRKACB_WT.1
ccsbBroad304_14680,JAK2_WT
ccsbBroad304_01281,PRKCA_WT.1
ccsbBroad304_14682,JUN_WT.1
ccsbBroad304_01283,PRKCE_WT.1
ccsbBroad304_14695,MAP3K5_WT
ccsbBroad304_01284,PRKCZ_WT.1
ccsbBroad304_14698,MAP3K11_WT
BRDN0000464917,MAPK1_WT.1
BRDN0000464846,CEBPA_WT.1
BRDN0000464918,TRAF5_WT
BRDN0000464847,CEBPA_WT.2
BRDN0000464919,BMP2_WT
BRDN0000464848,CREBBP_WT
BRDN0000464920,NFKBIE_WT
BRDN0000464849,ERBB2_WT.2
BRDN0000464921,GRB10_WT.1
BRDN0000464850,KRAS_WT.1
BRDN0000464922,ATF4_WT.2
BRDN0000464851,KRAS_WT.2
ccsbBroad304_00156,BCL2L1_WT
BRDN0000464923,DUSP1_WT.mismatch
BRDN0000464924,HSP90B1_WT.1
ccsbBroad304_06055,CSNK1A1_WT.1
BRDN0000464925,DDIT3_WT.1
ccsbBroad304_07601,YAP1_WT.1
BRDN0000464926,JUN_WT.2
ccsbBroad304_14599,CSNK1A1_WT.2
BRDN0000464927,AXIN2_WT.2
BRDN0000464852,YAP1_WT.2
ccsbBroad304_01287,MAPK8_WT.1
ccsbBroad304_14741,PDPK1_WT.2
ccsbBroad304_01288,MAPK9_WT.1
ccsbBroad304_14759,PIK3CA_WT.1
ccsbBroad304_01289,MAPK13_WT.1
ccsbBroad304_14760,PIK3CB_WT.2
ccsbBroad304_01388,RELB_WT
ccsbBroad304_14763,PIK3R1_WT.1
ccsbBroad304_01398,RHEB_WT.1
ccsbBroad304_14776,PRKAA1_WT.1
ccsbBroad304_01607,STAT1_WT
ccsbBroad304_14780,PRKACA_WT.1
ccsbBroad304_01609,STAT3_WT
ccsbBroad304_14781,PRKACB_WT.2
ccsbBroad304_01613,STK11_WT.1
ccsbBroad304_14788,PRKCA_WT.2
ccsbBroad304_01666,TGFBR1_WT.1
ccsbBroad304_14790,PRKCE_WT.2
ccsbBroad304_01686,TNFAIP3_WT
ccsbBroad304_14796,PRKCZ_WT.2
ccsbBroad304_01710,TRAF2_WT
ccsbBroad304_14799,MAPK1_WT.2
BRDN0000464928,PPP2R5C_WT.2
BRDN0000464853,APC_WT
BRDN0000464929,CASP8_WT.2
BRDN0000464854,CTNNB1_WT
BRDN0000464930,MAPK7_WT.mismatch
BRDN0000464855,CSNK1A1_WT.3
BRDN0000464931,IRAK1_WT
BRDN0000464856,YAP1_WT.3
BRDN0000464932,FURIN_WT.1
BRDN0000464857,YAP1_WT.4
BRDN0000464933,NFKB1_WT.1
ccsbBroad304_00964,SMAD7_WT
BRDN0000464934,JAG1_WT
ccsbBroad304_00985,MCL1_WT
BRDN0000464935,MAP2K4_WT.1
ccsbBroad304_01029,MOS_WT.1
ccsbBroad304_01144,PAK1_WT.1
BRDN0000464936,GRB10_WT.2
ccsbBroad304_02064,SOCS3_WT
BRDN0000464937,AKT3_WT.2
ccsbBroad304_02292,BCL2L11_WT
ccsbBroad304_01779,WNT5A_WT
ccsbBroad304_14800,MAPK3_WT
ccsbBroad304_02053,BTRC_WT
ccsbBroad304_14803,MAPK8_WT.2
ccsbBroad304_02173,ATG5_WT
ccsbBroad304_02201,CLOCK_WT
ccsbBroad304_14804,MAPK9_WT.2
ccsbBroad304_02218,IKBKE_WT.1
ccsbBroad304_14806,MAPK13_WT.2
ccsbBroad304_14807,MAP2K1_WT.1
ccsbBroad304_02706,DKK1_WT
ccsbBroad304_14825,RAF1_WT.1
ccsbBroad304_02831,SGK3_WT.1
ccsbBroad304_14833,RPS6KB1_WT.2
ccsbBroad304_02857,BAMBI_WT
ccsbBroad304_14850,STK3_WT.1
ccsbBroad304_02889,WWTR1_WT
ccsbBroad304_14853,STK11_WT.2
ccsbBroad304_03433,DDIT4_WT
ccsbBroad304_14856,MAP3K7_WT
ccsbBroad304_14861,TGFBR1_WT.2
BRDN0000464938,HSP90B1_WT.2
BRDN0000464939,PTEN_WT
ccsbBroad304_03512,ATG16L1_WT
BRDN0000464940,TRAF3_WT.1
ccsbBroad304_03625,HIF1AN_WT
BRDN0000464941,MAPKAP1_WT
ccsbBroad304_04207,CXXC4_WT
BRDN0000464942,REL_WT.1
ccsbBroad304_06435,RBPJ_WT.1
BRDN0000464943,CYLD_WT
ccsbBroad304_06772,PRKACG_WT.1
ccsbBroad304_11025,PER1_WT.1
ccsbBroad304_11651,ATF6_WT.1
BRDN0000464945,MAP2K3_WT
ccsbBroad304_13609,IRGM_WT.1
BRDN0000464946,PHLPP1_WT
ccsbBroad304_14699,MOS_WT.2
BRDN0000464947,EGLN1_WT.2
ccsbBroad304_14726,PAK1_WT.2
BRDN0000464948,EGLN1_WT.3
ccsbBroad304_14782,PRKACG_WT.2
ccsbBroad304_03668,PSENEN_WT
ccsbBroad304_14862,TGFBR2_WT.2
ccsbBroad304_03728,DIABLO_WT
ccsbBroad304_14905,MKNK1_WT
ccsbBroad304_03961,SMURF2_WT
ccsbBroad304_14910,RIPK1_WT
ccsbBroad304_05835,XIAP_WT.2
ccsbBroad304_05836,BMPR1B_WT.2
ccsbBroad304_14943,IKBKE_WT.2
ccsbBroad304_05880,CCND1_WT.2
ccsbBroad304_14950,AKT3_WT.3
ccsbBroad304_06040,CRY1_WT.2
ccsbBroad304_14956,LRPPRC_WT
ccsbBroad304_06089,DDIT3_WT.2
ccsbBroad304_14974,MAP3K2_WT.2
ccsbBroad304_15022,SGK3_WT.2
ccsbBroad304_06132,DVL3_WT
ccsbBroad304_15050,TBK1_WT.2
ccsbBroad304_06150,EIF4E_WT.2
BRDN0000464877,XBP1_WT.2
ccsbBroad304_06365,HIF1A_WT.2
BRDN0000464878,XBP1_WT.3
BRDN0000464949,TSC1_WT.1
ccsbBroad304_15196,CARD11_WT
BRDN0000464950,TSC1_WT.2
BRDN0000464951,TRAF6_WT.1
BRDN0000464858,PKIA_WT
BRDN0000464952,TRAF6_WT.2
BRDN0000464859,PRKACG_WT.3
BRDN0000464860,PER1_WT.2
BRDN0000464953,BRAF_WT.1
BRDN0000464861,ATF6_WT.2
BRDN0000464954,BRAF_WT.2
BRDN0000464862,AKT1S1_WT.1
BRDN0000464955,NOTCH1_WT.1
BRDN0000464863,AKT1S1_WT.2
BRDN0000464956,NOTCH1_WT.2
BRDN0000464864,IRGM_WT.2
ccsbBroad304_09091,SLIRP_WT.1
BRDN0000464865,RBPJ_WT.2
BRDN0000464957,SLIRP_WT.2
BRDN0000464866,DLL1_WT
ccsbBroad304_06413,HSP90AA1_WT
ccsbBroad304_06549,SMAD3_WT.1
BRDN0000464879,PRKACA_WT.2
ccsbBroad304_06637,NFKB1_WT.2
BRDN0000464880,PIK3CA_WT.2
ccsbBroad304_06683,FURIN_WT.2
BRDN0000464881,CHUK_WT.1.mismatch
ccsbBroad304_06728,PIK3R1_WT.2
BRDN0000464882,MAP3K9_WT
BRDN0000464883,VEGFC_WT.2
ccsbBroad304_06770,PRKAA1_WT.2
BRDN0000464884,CHUK_WT.2
ccsbBroad304_06771,PRKACB_WT.3
ccsbBroad304_06831,RAC1_WT.2
BRDN0000464885,ACVR1B_WT.2.mismatch
ccsbBroad304_06837,RAF1_WT.2
BRDN0000464886,TGFBR1_WT.3
ccsbBroad304_06846,RB1_WT.2
BRDN0000464887,TCF4_WT.1
ccsbBroad304_06864,RHEB_WT.2
BRDN0000464888,DVL1_WT.2
BRDN0000464958,CDK4_R24C
BRDN0000464867,SMO_WT.1
BRDN0000464959,BMPR1B_K231R
BRDN0000464868,SMO_WT.2
BRDN0000464869,GLI1_WT
BRDN0000464960,RPS6KB1_T389E.mismatch
BRDN0000464870,DEPTOR_WT.1
BRDN0000464961,PRKCZ_del1-238
BRDN0000464871,DEPTOR_WT.2
BRDN0000464962,PRKCA_del1-325
BRDN0000464872,PPARGC1A_WT.1
BRDN0000464963,PRKCE_del1-394
BRDN0000464873,PPARGC1A_WT.2
BRDN0000464964,PRKCZ_K281R
BRDN0000464965,STAT1_Y701F
ccsbBroad304_00238,CCNE1_WT.mismatch
BRDN0000464966,MYD88_L265P
ccsbBroad304_03937,MLST8_WT
BRDN0000464967,JAK2_V617F.mismatch
ccsbBroad304_12357,RPTOR_WT
BRDN0000464968,STAT3_Y705F
BRDN0000464874,MYD88_WT
BRDN0000464889,SMAD3_WT.2
ccsbBroad304_06926,SDHA_WT
BRDN0000464890,RELA_WT.2
ccsbBroad304_06995,SREBF1_WT
BRDN0000464891,EIF2A_WT.2
ccsbBroad304_07012,STK3_WT.2
BRDN0000464892,APAF1_WT
ccsbBroad304_07036,TCF4_WT.2
ccsbBroad304_07056,TGFB1_WT
BRDN0000464893,MAP2K4_WT.2
ccsbBroad304_07088,TP53_WT.2
BRDN0000464894,MAP2K1_WT.2
ccsbBroad304_07098,TRAF3_WT.2
BRDN0000464895,REL_WT.2
BRDN0000464969,STAT3_C-C
BRDN0000464875,FOXO1_WT.1
BRDN0000464876,FOXO1_WT.2
BRDN0000464970,AKT3_E17K
BRDN0000464971,BMPR1B_Q203D
ccsbBroad304_00018,ACVR1B_WT.3
BRDN0000464972,CDC42_T17N
ccsbBroad304_00046,AKT1_WT.2
BRDN0000464973,ATF6_1-373
ccsbBroad304_00047,AKT2_WT
BRDN0000464974,XBP1_S
ccsbBroad304_00100,RHOA_WT
BRDN0000464975,RHOA_T19N
ccsbBroad304_00105,ARNTL_WT
