Metadata_broad_sample,Metadata_moa
BRD-A93424738-001-02-2,glucocorticoid receptor agonist
BRD-A29731977-001-02-9,progesterone receptor agonist
BRD-K01555864-001-02-8,antineoplastic
BRD-K52989797-003-05-8,serotonin transporter (SERT) inhibitor
BRD-A82396632-008-02-7,bacterial cell wall synthesis inhibitor
BRD-K89732114-300-05-5,dopamine receptor antagonist
BRD-A84174393-001-02-0,cyclooxygenase inhibitor
BRD-A19195498-050-05-9,norepinephrine reputake inhibitor|tricyclic antidepressant
BRD-A95207036-001-02-8,androgen receptor antagonist
BRD-A02367930-001-02-9,estrogen receptor agonist|estrogenic component in oral contraceptives
BRD-K22969690-001-02-6,bacterial 50S ribosomal subunit inhibitor
BRD-A97437073-001-02-3,insulin sensitizer|PPAR receptor agonist
BRD-A65671304-001-02-6,angiotensin receptor antagonist
BRD-A74980173-001-02-8,bacterial DNA gyrase inhibitor
BRD-K56104152-008-02-5,bacterial cell wall synthesis inhibitor
BRD-K87991767-001-03-8,carbonic anhydrase inhibitor|cyclooxygenase inhibitor
BRD-K95309561-001-05-6,estrogen receptor agonist
BRD-K61443650-236-02-4,other antibiotic
BRD-K12994359-001-02-8,cyclooxygenase inhibitor
BRD-K19352500-332-03-7,dopamine receptor antagonist
BRD-A29734509-011-02-9,sodium channel blocker
BRD-A95513702-001-02-2,aromatase inhibitor
BRD-K55034111-066-02-3,bacterial DNA gyrase inhibitor
BRD-K43736954-001-03-3,glucocorticoid receptor agonist
BRD-K79759585-001-02-1,phosphodiesterase inhibitor
BRD-K55127134-300-05-4,dopamine receptor antagonist
BRD-A15909516-001-02-5,free radical scavenger
BRD-K77925998-332-03-8,serotonin receptor agonist
BRD-A07824748-001-03-4,11-beta hydroxysteroid dehydrogenase inhibitor
BRD-K60038276-001-02-5,angiotensin receptor antagonist
BRD-K58685305-001-03-0,11-beta hydroxysteroid dehydrogenase inhibitor
BRD-A39747742-001-02-7,estrogen receptor agonist
BRD-A71774530-001-01-8,chitin inhibitor
BRD-A48430263-003-02-4,insulin sensitizer|PPAR receptor agonist
BRD-K73107279-003-03-4,acetylcholine receptor agonist
BRD-A18917088-001-02-3,estrogen receptor agonist
BRD-A19795905-001-02-3,mitochondrial electron transport inhibitor
BRD-K70246307-001-02-5,vitamin B2
BRD-K38903228-001-02-8,flavanone glycoside
BRD-A94543220-001-02-3,sterol demethylase inhibitor
BRD-K37270826-001-04-5,glucocorticoid receptor antagonist|progesterone receptor antagonist
BRD-A17655518-001-02-0,cyclooxygenase inhibitor
BRD-K50398167-236-02-9,cyclooxygenase inhibitor|prostanoid receptor antagonist
BRD-A18620900-001-02-9,estrogen receptor agonist
BRD-K58736316-001-07-9,fatty acid synthase inhibitor
BRD-K47328134-001-02-0,heparin activation inhibitor
BRD-A97674275-001-01-9,sodium channel blocker
BRD-K34685430-050-04-2,dopamine receptor antagonist|serotonin receptor antagonist
BRD-A92826379-009-02-6,sodium channel blocker
BRD-A70083328-001-02-9,acetylcholinesterase inhibitor|microtubule inhibitor
BRD-A44966919-001-04-9,acetylcholine receptor antagonist
BRD-K37694030-003-02-8,histamine receptor antagonist
BRD-K40887525-001-02-9,serotonin receptor antagonist
BRD-K43966364-237-02-2,bacterial cell wall synthesis inhibitor
BRD-K45033733-001-02-3,DNA polymerase inhibitor
BRD-A03623303-045-02-0,adrenergic receptor antagonist
BRD-A62428732-096-02-6,antihistamine
BRD-A50157456-065-02-4,adrenergic receptor agonist
BRD-K41876534-001-02-0,carbonic anhydrase inhibitor
BRD-K19352500-070-02-5,dopamine receptor antagonist
BRD-A23226398-001-02-7,estrogen receptor agonist
BRD-A67479912-001-02-6,progesterone receptor agonist
BRD-A33447119-001-02-5,anthelmintic agent
BRD-K50938287-001-01-7,serotonin receptor agonist
BRD-K72034655-001-02-1,apoptosis inducer|antileukemic
BRD-A69786436-003-02-5,acetylcholine receptor antagonist
BRD-A80594172-001-02-0,glucocorticoid receptor agonist
BRD-K01815685-001-02-3,"aryl hydrocarbon receptor agonist|indoleamine 2,3-dioxygenase inhibitor"
BRD-K55191674-237-02-7,penicillin binding protein inhibitor
BRD-A15297126-001-02-7,glucocorticoid receptor agonist
BRD-A43940795-001-03-6,serotonin release inhibitor
BRD-A24514565-001-02-2,vitamin K antagonist
BRD-K17016787-001-03-5,estrogen receptor agonist
BRD-A94756469-001-02-1,ATPase inhibitor
BRD-A71816415-236-02-7,HMGCR inhibitor
BRD-A39415247-001-02-1,progesterone receptor agonist
BRD-K49807096-003-02-3,angiotensin converting enzyme inhibitor
BRD-K91301684-003-02-2,bradykinin receptor antagonist|tubulin inhibitor
BRD-A53176877-001-02-7,glucocorticoid receptor agonist
BRD-K25741894-001-03-8,acetylcholinesterase inhibitor
BRD-A80151636-066-02-2,dopamine receptor agonist
BRD-A75172220-001-02-4,glucocorticoid receptor agonist
BRD-K36377456-001-02-0,angiogenesis inhibitor
BRD-K59197931-001-02-9,cyclooxygenase inhibitor
BRD-A13133631-001-02-4,glucocorticoid receptor agonist
BRD-K38436528-003-05-5,norepinephrine reputake inhibitor|serotonin reuptake inhibitor
BRD-A20126139-001-02-6,glucocorticoid receptor agonist
BRD-A51714012-001-02-3,adrenergic inhibitor|norepinephrine reuptake inhibitor|serotonin reuptake inhibitor
BRD-K97309399-001-02-9,dopamine receptor antagonist
BRD-A73368467-003-02-8,histamine receptor antagonist
BRD-K19295594-001-06-9,BCL inhibitor|MCL1 inhibitor
BRD-A92537424-001-02-1,estrogen receptor antagonist|progesterone receptor agonist
BRD-A06935312-001-02-7,bacterial 30S ribosomal subunit inhibitor
BRD-K02404261-001-03-5,adenosine receptor antagonist|phosphodiesterase inhibitor
BRD-K19295594-015-02-8,BCL inhibitor|MCL1 inhibitor
BRD-K89704198-001-05-7,adrenergic receptor antagonist
BRD-A61221616-001-02-7,progesterone receptor agonist
BRD-K88743730-001-01-0,serotonin receptor partial agonist
BRD-K62609077-001-02-2,adrenergic receptor antagonist|GABA receptor antagonist|serotonin receptor antagonist
BRD-K02637541-001-02-4,cyclooxygenase inhibitor
BRD-K79131256-001-04-7,tubulin polymerization inhibitor
BRD-K60174629-001-02-2,prolyl endopeptidase inhibitor
BRD-K27351809-001-02-0,progesterone receptor agonist
BRD-K02407574-001-03-0,tubulin polymerization inhibitor
BRD-K17294426-050-05-7,dopamine receptor antagonist
BRD-K21680192-300-05-2,topoisomerase inhibitor
BRD-K69023402-001-02-5,ATPase inhibitor|calcium channel blocker|PKC activator
BRD-K53517854-050-03-2,selective serotonin reuptake inhibitor (SSRI)
BRD-K06902185-001-05-2,KATP activator|Kir6 channel (KATP) activator|vasodilator
BRD-K50859149-001-05-4,bacterial antifolate
BRD-K46137903-001-03-3,phospholipase activator
BRD-K34154330-003-03-1,GABA receptor modulator
BRD-K59058766-003-04-5,dopamine receptor antagonist
BRD-K08078237-001-07-3,calcium channel blocker
BRD-K78113049-001-05-5,topoisomerase inhibitor
BRD-A02710418-003-03-5,opioid receptor agonist
BRD-K89210380-001-03-8,vitamin B
BRD-A98299281-050-04-7,calcium channel activator
BRD-K11717138-001-03-0,chloride channel blocker
BRD-K38055836-001-03-9,respiratory stimulant
BRD-A02006392-001-06-5,calcium channel blocker
BRD-A65280694-003-03-8,dopamine receptor antagonist
BRD-K32501161-300-03-9,dopamine uptake inhibitor
BRD-K34157611-001-04-6,histamine receptor antagonist
BRD-K76304753-003-05-4,local anesthetic
BRD-A50675702-001-03-0,chloride channel blocker|GABA gated chloride channel blocker
BRD-K76723084-001-05-9,retinoid receptor agonist
BRD-A95939040-008-03-3,sterol demethylase inhibitor
BRD-K75089421-003-05-4,sodium channel blocker
BRD-K04111260-001-01-9,dopamine receptor antagonist
BRD-K21548250-003-03-5,sodium channel blocker
BRD-K79425933-001-03-6,dopamine receptor antagonist
BRD-A16665823-008-03-3,bacterial cell wall synthesis inhibitor
BRD-K25394294-001-05-7,cyclooxygenase inhibitor
BRD-A25234499-001-05-0,glucocorticoid receptor antagonist
BRD-K66353228-001-05-4,myorelaxant
BRD-K62310379-001-03-0,glucocorticoid receptor agonist
BRD-A26384407-001-05-3,carbonic anhydrase inhibitor
BRD-K82846253-001-03-0,insulin secretagogue
BRD-A75726477-003-04-9,adrenergic receptor agonist
BRD-K02764365-001-03-7,anthelmintic agent
BRD-A93000692-001-02-4,PPAR receptor agonist
BRD-K90333595-001-02-8,adrenergic receptor antagonist
BRD-K02275692-003-03-4,bacterial cell wall synthesis inhibitor
BRD-K56558538-003-02-8,sodium channel blocker
BRD-A33168282-003-03-2,adrenergic receptor antagonist
BRD-K19309090-300-03-0,acetylcholine receptor agonist
BRD-K18250272-003-03-7,local anesthetic
BRD-K85090592-008-05-2,acetylcholine receptor agonist
BRD-K31627533-001-03-8,glucocorticoid receptor agonist
BRD-K77641333-003-05-7,adrenergic receptor agonist
BRD-K32830106-003-03-0,adrenergic receptor agonist
BRD-A42571354-300-05-4,histamine receptor antagonist
BRD-K91370081-001-04-6,DNA synthesis inhibitor
BRD-A01787639-300-03-7,adrenergic receptor antagonist
BRD-K92049597-001-05-9,sodium channel blocker
BRD-A97701745-001-05-3,adrenergic receptor antagonist
BRD-A97701745-001-05-3,adrenergic receptor antagonist|serotonin receptor antagonist
BRD-A42628519-001-04-1,radiopaque medium
BRD-A77291778-003-05-5,acetylcholine receptor antagonist
BRD-K27316855-001-02-6,vitamin D receptor agonist
BRD-A19736161-003-03-0,serotonin receptor antagonist
BRD-K74141488-003-03-9,fungal squalene epoxidase inhibitor
BRD-K55468218-001-05-5,dopamine receptor antagonist
BRD-K24616672-003-05-2,HMGCR inhibitor
BRD-K36007650-300-02-3,protein synthesis inhibitor
BRD-K39339537-001-03-8,cyclooxygenase inhibitor
BRD-K81144366-003-03-1,adrenergic receptor antagonist
BRD-K97181089-310-03-0,sodium channel blocker
BRD-K87156652-001-05-1,antithyroid agent
BRD-K86204871-001-02-2,sterol demethylase inhibitor
BRD-K93568044-001-03-1,glucocorticoid receptor agonist
BRD-K62363391-001-05-8,bacterial antifolate
BRD-K29458283-001-05-9,DNA inhibitor
BRD-K75181824-001-02-3,inhibitor of methyl esterification of geranylgeranylated proteins
BRD-A18043272-001-03-2,succinimide antiepileptic
BRD-K55250441-001-03-1,dihydropteroate synthase inhibitor
BRD-K76810206-001-05-7,adrenergic receptor antagonist
BRD-K52721684-001-02-2,potassium channel activator
BRD-K05673000-323-02-8,bacterial cell wall synthesis inhibitor
BRD-K87990216-001-03-7,glucocorticoid receptor agonist
BRD-K75958195-037-03-7,serotonin receptor antagonist
BRD-K02953697-002-03-3,cytochrome P450 inhibitor
BRD-K63430059-001-06-5,DNA synthesis inhibitor
BRD-K91336023-001-01-4,dopamine receptor agonist
BRD-K88429204-001-05-4,dihydrofolate reductase inhibitor
BRD-K24132293-001-05-3,glutathione transferase inhibitor
BRD-A54490543-066-03-6,monoamine oxidase inhibitor
BRD-K06854232-001-02-5,retinoid receptor agonist
BRD-K94379058-001-02-7,cannabinoid receptor inverse agonist
BRD-K78959463-001-02-5,calcium channel activator
BRD-K94512704-001-02-1,dopamine receptor antagonist
BRD-A90799790-001-03-3,calcium channel blocker
BRD-K75641298-001-01-5,dopamine receptor antagonist|serotonin receptor antagonist
BRD-K92758126-001-06-3,NFkB pathway inhibitor
BRD-K18922609-004-04-1,acetylcholinesterase inhibitor
BRD-K22031190-001-05-3,prostanoid receptor antagonist
BRD-A30815329-001-03-0,calcium channel blocker
BRD-K14496212-001-01-1,dopamine receptor agonist
BRD-K05236810-001-05-9,glucosidase inhibitor
BRD-K42348709-003-05-7,adrenergic receptor agonist|serotonin receptor agonist
BRD-K51465424-003-03-6,adrenergic receptor agonist
BRD-K58265391-001-03-6,diuretic
BRD-A26334849-003-05-0,antiarrhythmic
BRD-K53061490-003-03-0,thromboxane synthase inhibitor
BRD-A64485570-001-03-7,DNA directed DNA polymerase inhibitor|thymidylate synthase inhibitor
BRD-K23478508-001-03-7,ATPase inhibitor
BRD-K75089421-001-02-5,sodium channel blocker
BRD-K54759182-003-02-3,norepinephrine reuptake inhibitor|serotonin reuptake inhibitor|tricyclic antidepressant
BRD-K54094468-003-03-8,dopamine receptor antagonist
BRD-K00259736-001-06-5,microtubule inhibitor
BRD-K55191674-236-03-7,penicillin binding protein inhibitor
BRD-K35708212-331-03-1,ATPase inhibitor
BRD-K35960502-001-06-9,DNA replication inhibitor|STAT inhibitor
BRD-A26711594-003-05-6,calcium channel blocker
BRD-A52922642-001-02-9,L-type calcium channel blocker
BRD-K87049188-001-03-6,chelating agent|dopamine beta hydroxylase inhibitor
BRD-K62996583-001-03-8,calcium channel blocker
BRD-A97479839-003-05-9,acetylcholine receptor antagonist
BRD-K28183345-003-05-6,dihydrofolate reductase inhibitor
BRD-K43860855-065-03-6,antineoplastic agent
BRD-K51751936-001-03-4,benzodiazepine receptor agonist
BRD-K13533483-001-03-0,calcineurin inhibitor|cyclophilin inhibitor|immunosuppressant|insulin expression inhibitor|T cell inhibitor
BRD-K46937689-001-05-1,cyclooxygenase inhibitor
BRD-A79226577-003-01-1,serotonin receptor antagonist|polarization inhibitor|sodium channel blocker
BRD-K38305202-001-02-6,dopamine receptor antagonist
BRD-K77771411-001-04-4,imidazoline receptor agonist
BRD-K37848908-001-03-1,penicillin binding protein inhibitor
BRD-K38003476-001-03-4,steroid
BRD-A49358627-001-03-9,PPAR receptor agonist
BRD-K28143534-003-03-6,histamine receptor antagonist
BRD-K88789588-001-03-2,aromatase inhibitor
BRD-K37561857-001-04-9,phosphodiesterase inhibitor
BRD-K37798499-001-02-5,topoisomerase inhibitor
BRD-K97158071-001-05-8,dopamine receptor antagonist
BRD-K48168960-001-05-1,thyroid peroxidase inhibitor
BRD-K81473089-003-04-8,acetylcholinesterase inhibitor
BRD-K43245338-001-02-4,calpain inhibitor|cathepsin inhibitor
BRD-K89046952-001-03-4,bacterial cell wall synthesis inhibitor
BRD-K97530723-001-07-6,melatonin receptor agonist|nitric oxide synthase inhibitor
BRD-K42221274-001-01-4,GAT inhibitor
BRD-K78280988-001-02-2,cannabinoid receptor agonist|potassium channel blocker|TRPV agonist
BRD-A34806832-001-02-7,ATPase inhibitor
BRD-A88548664-001-02-3,dopamine receptor agonist
BRD-A48809242-001-02-9,adenosine receptor agonist
BRD-K30685142-001-05-5,thyroid hormone stimulant
BRD-K49671696-347-02-8,serotonin receptor antagonist
BRD-K79092138-001-05-2,POXB inhibitor|bacterial DNA inhibitor
BRD-K80334323-001-03-5,progestogen hormone
BRD-K33211335-337-03-7,glutamate receptor antagonist|sigma receptor agonist
BRD-A22305049-003-05-2,gluconeogenesis inhibitor
BRD-A07440155-003-05-6,adrenergic receptor antagonist
BRD-K19462402-003-03-0,adrenergic receptor antagonist|calcium channel blocker
BRD-K39188321-001-03-9,glucocorticoid receptor agonist
BRD-K55127134-001-01-7,dopamine receptor antagonist
BRD-K09963420-066-03-4,HIV protease inhibitor
BRD-K33710385-001-05-4,mycolic synthesis inhibitor
BRD-K78010432-001-05-8,diuretic
BRD-K92000912-001-02-7,cannabinoid receptor antagonist
BRD-A82396632-001-03-0,bacterial cell wall synthesis inhibitor
BRD-K50891186-001-01-0,dopamine receptor antagonist
BRD-K00184207-001-02-4,aryl hydrocarbon receptor ligand
BRD-A33711280-311-02-0,acetylcholine receptor antagonist
BRD-K34092021-001-02-3,TRPV agonist|cannabinoid receptor agonist
BRD-A49172652-001-05-7,ATPase inhibitor
BRD-K70778732-003-05-1,adrenergic receptor antagonist|serotonin receptor antagonist|serotonin reuptake inhibitor
BRD-A50311610-300-05-4,CAR agonist
BRD-K42352790-001-03-8,cannabinoid receptor agonist
BRD-A07932845-050-05-9,anti-HCVE2
BRD-K13994703-003-04-2,adrenergic receptor antagonist
BRD-K81029756-001-02-8,L-type calcium channel blocker|calcium channel antagonist|calcium channel blocker
BRD-A66199457-001-02-2,antineoplastic
BRD-K30480208-001-05-2,electrolyte reabsorption inhibitor|thromboxane receptor antagonist
BRD-K47936004-003-03-1,dopamine receptor agonist
BRD-K23704908-001-03-2,serine protease inhibitor
BRD-K39187410-001-01-7,antiamyloidogenic agent
BRD-K79711234-001-06-8,bacterial 50S ribosomal subunit inhibitor
BRD-A17462676-003-03-3,adrenergic receptor agonist
BRD-K28936863-051-05-8,histamine receptor agonist|leukotriene receptor antagonist|phosphodiesterase inhibitor
BRD-K42635745-001-02-4,adrenergic receptor antagonist
BRD-K36862742-001-05-8,sodium/potassium/chloride transporter inhibitor
BRD-K43389675-003-02-7,RNA synthesis inhibitor|topoisomerase inhibitor
BRD-A67862938-034-05-7,adrenergic receptor antagonist
BRD-K44849676-001-03-0,TRPV agonist
BRD-K57432881-003-05-1,dopamine receptor antagonist
BRD-K21350491-001-02-1,acid sensing ion channel blocker|sodium channel blockers|TRPP3 channel inhibitor|TRPV modulator
BRD-K80396088-001-03-9,sulfonylurea
BRD-K33453211-003-03-2,histamine receptor antagonist
BRD-K95763993-001-03-7,PDGFR tyrosine kinase receptor inhibitor
BRD-K04704168-003-03-6,HCV inhibitor
BRD-A99571536-001-04-4,anti-epileptic
BRD-A55962179-001-04-9,ATPase inhibitor
BRD-A04438777-001-01-4,dopamine receptor agonist
BRD-K93461745-003-03-7,serotonin receptor agonist
BRD-K39987650-001-05-0,laxative
BRD-A07207424-001-04-1,phosphodiesterase inhibitor
BRD-A69815203-001-04-3,calcineurin inhibitor
BRD-A24817035-001-05-4,central nervous system agent
BRD-K28143534-001-01-4,histamine receptor antagonist
BRD-K44273375-001-04-5,fungal squalene epoxidase inhibitor
BRD-K66404838-003-03-8,opioid receptor agonist|opioid receptor antagonist
BRD-A78295502-337-03-5,anti-arrhythmia agent
BRD-K01244426-236-05-5,bacterial cell wall synthesis inhibitor
BRD-K08109516-001-01-1,glutamate receptor antagonist
BRD-K47105409-001-05-3,JAK inhibitor
BRD-K01868942-001-01-3,serotonin receptor antagonist
BRD-K97440753-066-03-3,adrenergic receptor antagonist|prolactin inhibitor
BRD-K27737647-001-04-2,PKA inhibitor
BRD-K39356024-001-02-4,acetylcholine release enhancer|dopamine release enhancer|GABA receptor negative allosteric modulator|glutamate receptor modulator|progesterone receptor agonist|steroid hormone inhibitor of CYP17A1 and SULT2B1
BRD-K71799778-001-02-2,CDK inhibitor
BRD-A55756846-001-05-5,PKA inhibitor
BRD-A31159102-001-01-9,selective serotonin reuptake inhibitor (SSRI)
BRD-K93201660-001-04-0,myosin light chain kinase inhibitor
BRD-K68336408-003-02-2,EGFR inhibitor
BRD-K34415467-003-05-6,histamine receptor antagonist
BRD-K47635719-001-03-9,glucocorticoid receptor agonist
BRD-A50764878-001-01-4,serotonin receptor antagonist
BRD-K78364995-236-03-5,bacterial cell wall synthesis inhibitor
BRD-A31521121-001-05-8,muscle relaxant
BRD-A09533288-003-05-6,calcium channel blocker
BRD-A47513740-001-02-5,protein phosphatase inhibitor
BRD-K11399644-003-03-0,AMPK activator
BRD-K25140590-001-01-4,glutamate receptor modulator
BRD-K71799949-001-06-7,carboxamide antiepileptic
BRD-A62071884-001-03-8,phosphodiesterase inhibitor
BRD-K58930050-001-01-1,glutamate receptor antagonist
BRD-K88282786-001-02-0,cannabinoid receptor agonist
BRD-K09397065-001-01-6,serotonin receptor agonist
BRD-K81272440-001-02-6,calcium channel blocker
BRD-K62607865-001-03-0,bacterial cell wall synthesis inhibitor
BRD-K18059238-001-02-1,cyclooxygenase inhibitor|prostanoid receptor stimulant|thromboxane synthase stimulant
BRD-K61250553-003-05-8,opioid receptor agonist
BRD-A61154809-001-04-3,ATP channel blocker|insulin secretagogue
BRD-K15567136-003-06-6,phosphodiesterase inhibitor
BRD-K00603606-003-03-4,purinergic receptor antagonist|platelet aggregation inhibitor
BRD-A84389633-001-01-6,serotonin receptor antagonist
BRD-K04010869-001-02-6,HSP inducer|NFKB pathway inhibitor
BRD-K93258693-001-02-5,PPAR receptor antagonist
BRD-K36965586-001-01-7,serotonin receptor agonist
BRD-K77695569-001-05-2,angiogenesis inhibitor
BRD-K99107520-001-01-9,glutamate receptor antagonist
BRD-K27305650-001-05-9,mTOR inhibitor|PI3K inhibitor|DNA dependent protein kinase inhibitor|phosphodiesterase inhibitor|PLK inhibitor
BRD-K49685476-001-02-7,retinoid receptor agonist
BRD-A29260609-003-05-4,adrenergic receptor antagonist
BRD-K89375097-300-05-4,acetylcholine receptor antagonist
BRD-K58466253-003-04-1,serotonin release inhibitor
BRD-K73109821-001-05-2,potassium channel activator
BRD-A23034328-003-03-4,protein synthesis inhibitor
BRD-A26711594-001-02-7,calcium channel blocker
BRD-K93754473-048-05-3,estrogen receptor antagonist|selective estrogen receptor modulator (SERM)
BRD-K12219985-001-04-8,sulfonylurea
BRD-K32821942-001-05-6,dehydrogenase inhibitor
BRD-K28307902-001-05-0,androgen receptor antagonist
BRD-K63750851-001-06-6,dehydrogenase inhibitor|inositol monophosphatase inhibitor
BRD-K88611939-001-02-6,glutamate receptor agonist
BRD-K79501723-003-03-4,histamine receptor modulator
BRD-K78599730-001-03-4,farnesyltransferase inhibitor|NFkB pathway inhibitor|ras farnesyltransferase inhibitor
BRD-K90027355-001-03-4,mineralocorticoid receptor antagonist
BRD-K62008436-001-03-1,tubulin polymerization inhibitor
BRD-K61250553-001-02-9,opioid receptor agonist
BRD-K94144010-001-05-5,nicotine metabolite
BRD-A19661776-003-05-2,serotonin receptor antagonist
BRD-A51714012-003-01-1,adrenergic inhibitor|norepinephrine reuptake inhibitor|serotonin reuptake inhibitor
BRD-K06543683-001-04-4,PKC inhibitor|glycogen synthase kinase inhibitor|leucine rich repeat kinase inhibitor|SIRT inhibitor
BRD-K40901640-001-01-0,serotonin receptor antagonist
BRD-A94624445-236-02-2,adenosine receptor agonist|cAMP stimulant
BRD-K65667145-001-05-8,cell division inducer
BRD-K93461745-001-01-5,serotonin receptor agonist
BRD-K81709173-001-03-8,glucocorticoid receptor agonist
BRD-A61793559-001-05-7,carbonic anhydrase inhibitor
BRD-A42831637-001-02-2,anti-inflammatory|Cannabinoid metabolite
BRD-K71726959-001-05-9,CDK inhibitor
BRD-A37432947-004-02-5,acetylcholine receptor antagonist
BRD-K16542329-001-05-1,phosphodiesterase inhibitor
BRD-K10176267-001-01-7,glutamate receptor antagonist
BRD-K91315211-334-02-3,histamine receptor agonist|histamine receptor antagonist
BRD-K52662033-001-02-6,histamine receptor agonist
BRD-K36927236-001-06-0,ATP channel blocker|insulin secretagogue|sulfonylurea
BRD-K41713976-001-02-0,potassium channel blocker
BRD-A07952294-001-02-3,farnesyltransferase inhibitors
BRD-K67277431-002-03-0,thromboxane receptor antagonist|thromboxane synthase inhibitor
BRD-K15715913-001-01-5,dopamine receptor antagonist|serotonin receptor antagonist
BRD-K78815826-001-05-4,cyclooxygenase inhibitor
BRD-A19736161-001-01-8,serotonin receptor antagonist
BRD-K00824317-001-03-0,glucocorticoid receptor agonist
BRD-K60640630-001-03-7,glucocorticoid receptor agonist
BRD-K40227168-001-06-1,adrenergic receptor antagonist
BRD-A56020723-001-02-0,cathepsin inhibitor|antiamyloidogenic agent
BRD-A09472452-001-02-8,sodium channel blocker
BRD-K77554836-001-03-3,glucocorticoid receptor agonist
BRD-A75817871-001-02-6,ATPase inhibitor
BRD-K03067624-300-02-9,protein synthesis inhibitor
BRD-K75958195-001-01-7,serotonin receptor antagonist
BRD-K76064317-001-04-0,FLT3 inhibitor
BRD-K04804440-311-02-3,bacterial DNA gyrase inhibitor
BRD-A65051990-001-03-8,vitamin K antagonist
BRD-K21565985-001-05-0,adrenergic receptor agonist
BRD-K89055274-048-04-5,muscle relaxant
BRD-K52662033-003-05-5,histamine receptor agonist
BRD-K01624546-001-02-8,LTB4 inhibitor
BRD-K88568253-011-03-3,monoamine oxidase inhibitor
BRD-A04553218-050-03-0,histamine receptor antagonist
BRD-K65814004-001-02-3,nitric oxide synthase inhibitor|aldehyde dehydrogenase inhibitor|cytochrome P450 inhibitor|NADPH oxidase inhibitor|xanthine oxidase inhibitor
BRD-K02867583-300-05-5,serotonin reuptake inhibitor
BRD-K10670311-001-06-4,antirheumatic drug|NFkB pathway inhibitor
BRD-K16195444-001-01-7,adrenergic receptor agonist
BRD-K15025317-001-04-5,NFkB pathway inhibitor
BRD-K25224017-001-05-2,serotonin receptor antagonist
BRD-K84663978-001-02-3,phosphodiesterase inhibitor|platelet aggregation inhibitor|potassium channel blocker
BRD-K46018455-001-06-0,PPAR receptor agonist
BRD-K38775274-001-02-3,glucocorticoid receptor agonist
BRD-K38449220-001-03-8,cytochrome P450 inhibitor
BRD-K95237249-001-05-9,uricosuric blocker
BRD-K08252256-236-05-6,cyclooxygenase inhibitor
BRD-K74765201-001-03-5,leukotriene receptor antagonist
BRD-K38197229-001-06-7,solute carrier family member inhibitor
BRD-A68281735-001-03-8,leukotriene receptor antagonist|lipoxygenase inhibitor
BRD-A62428732-300-03-0,antihistamine
BRD-K49671696-001-02-1,serotonin receptor antagonist
BRD-K76927775-001-05-0,DNA inhibitor
BRD-K34776109-001-03-4,insulin secretagogue
BRD-A35623999-001-03-2,mitochondrial Na+/Ca2+ exchanger antagonist|sodium/calcium exchange inhibitor
BRD-A22081593-001-04-6,adenosine receptor antagonist
BRD-K96144918-001-02-3,KPL-1 tumor suppressor
BRD-K05434375-001-04-0,calcium channel blocker
BRD-K98530306-001-02-1,adrenergic receptor agonist
BRD-K14796088-003-06-0,LDL receptor activator
BRD-K44067360-001-06-3,chloride channel blocker
BRD-K32744045-001-05-6,aldehyde dehydrogenase inhibitor|DNA methyltransferase inhibitor|TRPV agonist
BRD-K39915878-036-05-3,dopamine receptor antagonist|serotonin receptor antagonist
BRD-A08187463-001-03-8,enkephalinase inhibitor
BRD-K59753853-001-01-5,glutamate receptor antagonist
BRD-K97521363-001-04-7,glycolysis inhibitor
BRD-K21283037-003-03-9,glutamate inhibitor
BRD-K78643075-001-03-3,dopamine receptor antagonist
BRD-K38323065-001-05-8,cyclooxygenase inhibitor
BRD-K88366685-300-03-7,3-ketoacyl CoA thiolase inhibitor
BRD-K68553471-003-04-0,antihypertensive agent
BRD-K59851896-001-02-4,GABA release inhibitor
BRD-K04185004-003-03-6,local anesthetic
BRD-K35586044-003-03-0,adrenergic receptor antagonist
BRD-A34255068-001-04-8,phosphodiesterase inhibitor
BRD-K88809146-003-02-1,monoamine oxidase inhibitor
BRD-A93353767-001-03-5,fungal lanosterol demethylase inhibitor
BRD-K98174813-001-05-7,bacterial 30S ribosomal subunit inhibitor
BRD-K37249724-001-05-9,histamine receptor antagonist
BRD-K80353807-001-06-3,vasodilator
BRD-A05457250-001-03-5,L-type calcium channel activator
BRD-K19438463-001-01-4,glutamate receptor antagonist
BRD-K32584078-001-02-3,AKT inhibitor|HCV NS5B RdRp inhibitor
BRD-K53737926-003-05-4,norepinephrine inhibitor|norepinephrine reuptake inhibitor|serotonin receptor antagonist|serotonin reuptake inhibitor
BRD-A31159102-003-05-6,selective serotonin reuptake inhibitor (SSRI)
BRD-K90524085-001-05-2,phosphodiesterase inhibitor|platelet aggregation inhibitor
BRD-K29359156-001-06-1,cyclooxygenase inhibitor|glutathione peroxidase agonist|H+/K+-ATPase inhibitor|nitric oxide synthase inhibitor
BRD-K85383046-001-02-5,chloride channel blocker
BRD-K45071273-003-05-8,membrane integrity inhibitor
BRD-K32828673-002-03-9,tubulin polymerization inhibitor
BRD-K19554809-001-01-1,serotonin receptor agonist
BRD-K14821540-001-02-1,mitochondrial oxidative phosphorylation uncoupler
BRD-K52397688-001-01-9,dopamine receptor antagonist|FAAH inhibitor|serotonin receptor antagonist
BRD-K39965020-001-02-6,PPAR receptor agonist
BRD-K00673382-001-05-6,histamine receptor antagonist
BRD-K20742498-001-01-5,serotonin receptor antagonist
BRD-A07932845-001-01-1,anti-HCVE2
BRD-K68402494-001-04-7,myosin light chain kinase inhibitor
BRD-A89585551-003-03-4,adenosine receptor antagonist|hemoglobin antagonist
BRD-K97688263-003-04-1,sodium channel blocker
BRD-K97688263-001-02-9,sodium channel blocker
BRD-K97399794-335-03-1,polar auxin transport inhibitor
BRD-K58930050-050-03-4,glutamate receptor antagonist
BRD-K85883481-001-04-2,glucocorticoid receptor agonist
BRD-K02265150-001-05-9,norepinephrine reputake inhibitor
BRD-A42759514-001-03-1,antiprotozoal agent
BRD-A37441042-003-02-2,adrenergic receptor agonist
BRD-K25650355-059-02-3,cholinesterase inhibitor
BRD-K94841585-001-03-6,laxative|free radical generator
BRD-K59273480-001-01-5,adenosine reuptake inhibitor|phosphodiesterase inhibitor
BRD-K80946661-001-02-8,p53 activator
BRD-K68332390-001-02-5,aldose reductase inhibitor|reductase inhibitor
BRD-K07753030-003-01-0,polarization inhibitor
BRD-K01824921-001-02-9,adenosine receptor antagonist
BRD-A27732521-003-02-6,voltage-gated sodium channel blocker
BRD-K19416115-001-01-2,dipeptidyl peptidase inhibitor
BRD-A69636825-003-02-1,calcium channel blocker
BRD-K78838262-001-02-4,hypolipidemic
BRD-K10065684-001-03-3,laxative
BRD-K13819402-003-02-9,acetylcholinesterase inhibitor|monoamine oxidase inhibitor
BRD-K24084088-001-02-2,adenosine receptor antagonist
BRD-A55393291-001-02-4,androgen receptor agonist
BRD-A22684332-003-02-3,adrenergic receptor agonist
BRD-K88405679-003-01-5,antihistamine
BRD-K18550767-001-02-8,interleukin inhibitor
BRD-K28761891-001-01-0,melatonin receptor agonist
BRD-A26095496-001-02-4,glucocorticoid receptor agonist
BRD-K55529781-236-02-0,thromboxane synthase inhibitor
BRD-K29950728-048-02-6,estrogen receptor antagonist
BRD-A32505112-001-02-8,angiotensin converting enzyme inhibitor
BRD-A03216249-003-02-9,potassium channel blocker|sodium channel blocker
BRD-K29133151-001-02-4,thromboxane receptor antagonist
BRD-K07572174-001-02-2,cyclooxygenase inhibitor|histone acetyltransferase inhibitor|lipoxygenase inhibitor|NFkB pathway inhibitor
BRD-A40787240-066-02-0,bacterial DNA gyrase inhibitor
BRD-K72166146-066-02-1,serotonin receptor agonist
BRD-K30421593-050-02-3,adrenergic receptor antagonist
BRD-K55567017-001-02-4,alcohol dehydrogenase inhibitor
BRD-K70301876-034-02-0,selective serotonin reuptake inhibitor (SSRI)
BRD-K77925998-050-02-8,serotonin receptor agonist
BRD-A22032524-074-02-4,calcium channel blocker
BRD-K44876623-001-01-1,benzodiazepine receptor agonist
BRD-A95445494-001-03-7,interleukin synthesis inhibitor|sodium/glucose cotransporter inhibitor
BRD-K82795137-001-02-3,histamine receptor antagonist
BRD-K31491153-003-02-6,serotonin receptor agonist
BRD-K08832567-001-02-4,aromatase inhibitor|TRPV antagonist
BRD-K91315211-300-02-4,histamine receptor agonist|histamine receptor antagonist
BRD-A29322418-237-02-4,mineralocorticoid receptor antagonist
BRD-K76205745-001-02-5,angiotensin receptor antagonist
BRD-K40905133-001-02-3,sodium channel blocker
BRD-K54411430-001-02-5,cAMP inhibitor
BRD-K99792991-001-02-6,potassium channel activator
BRD-A20239487-001-02-5,adrenergic receptor antagonist
BRD-K38347298-001-02-3,adenosine receptor antagonist
BRD-A62525898-001-02-9,glucocorticoid receptor agonist
BRD-K92731339-227-02-3,angiotensin converting enzyme inhibitor
BRD-K43797669-001-03-1,tyrosine kinase inhibitor
BRD-A55579717-001-02-4,acetylcholine receptor agonist
BRD-K47608922-001-02-1,chelating agent
BRD-A59174698-003-02-9,adrenergic receptor agonist
BRD-K05977355-001-02-6,sterol demethylase inhibitor
BRD-K82103381-003-03-7,vasodilator
BRD-K56800335-015-02-3,adrenergic receptor agonist
BRD-K33583600-001-04-7,guanylate cyclase activator
BRD-A32673558-003-02-1,acetylcholine receptor agonist
BRD-K73999723-001-02-2,angiotensin receptor antagonist
BRD-K61271364-001-02-4,GABA receptor antagonist
BRD-A36010170-001-02-4,glucocorticoid receptor agonist
BRD-A48237631-001-02-2,DNA alkylating agent|DNA synthesis inhibitor
BRD-K97799481-001-02-0,adenosine receptor antagonist
BRD-K67102207-001-02-6,HDAC inhibitor
BRD-K13926615-003-01-7,phosphodiesterase inhibitor
BRD-A38350138-001-02-3,sterol demethylase inhibitor
BRD-A22380646-001-01-5,ATPase inhibitor
BRD-A49765801-001-02-5,glucocorticoid receptor agonist
BRD-K05395900-322-02-1,acetylcholine receptor agonist
BRD-K85307935-236-02-0,bacterial DNA gyrase inhibitor
BRD-A33280134-001-02-1,topoisomerase inhibitor
BRD-K65639003-001-02-5,phosphodiesterase inhibitor
BRD-K45158365-001-02-3,angiotensin receptor antagonist
BRD-A37959677-001-02-9,estrogen receptor agonist|estrogenic hormone
BRD-A10977446-045-01-1,adrenergic receptor antagonist
BRD-K21733600-001-02-6,cyclooxygenase inhibitor
BRD-K16508793-001-01-8,benzodiazepine receptor agonist
BRD-K79501723-001-02-0,histamine receptor modulator
BRD-A99402294-236-02-0,bacterial cell wall synthesis inhibitor
BRD-K83459933-001-02-1,angiogenesis inhibitor
BRD-K63861289-001-03-0,guanylyl cyclase activator
BRD-K60932973-001-01-7,dopamine receptor agonist
BRD-K32164935-001-06-8,ATP channel blocker
BRD-A90515964-001-05-8,expectorant
BRD-K51318897-001-04-7,tubulin polymerization inhibitor
BRD-K73789395-001-04-0,RAF inhibitor
BRD-K97746869-001-05-6,ATP channel blocker
BRD-A50684349-001-01-5,dopamine receptor agonist
BRD-A44863528-001-05-8,CCK receptor antagonist
BRD-K78692225-001-03-9,dihydroorotate dehydrogenase inhibitor|PDGFR tyrosine kinase receptor inhibitor
BRD-K01095011-001-03-5,5 alpha reductase inhibitor
BRD-A24228527-001-05-9,bacterial DNA gyrase inhibitor
BRD-K95603879-001-03-4,ATPase inhibitor
BRD-A09533288-001-02-7,calcium channel blocker
BRD-K75844781-001-01-9,serotonin receptor agonist
BRD-K67783091-001-05-5,dopamine receptor antagonist
BRD-K53857191-001-04-5,dopamine receptor antagonist|serotonin receptor antagonist
BRD-K47869605-001-05-6,microtubule inhibitor|tubulin polymerization inhibitor
BRD-K67298865-001-02-5,TGF beta receptor inhibitor
BRD-A22769835-300-03-2,antihistamine
BRD-K00662280-001-01-1,GABA receptor agonist
BRD-K67966701-335-03-5,angiotensin converting enzyme inhibitor
BRD-K47598052-001-04-2,src inhibitor
BRD-K28542495-003-03-6,prostanoid receptor antagonist
BRD-K18910433-001-04-4,estrogen receptor agonist
BRD-K22936972-003-05-3,dopamine uptake inhibitor
BRD-K61951118-001-01-2,GABA benzodiazepine site receptor inverse agonist
BRD-K11129031-001-05-1,lipoprotein lipase activator
BRD-A63894585-001-03-4,glucocorticoid receptor agonist
BRD-A45889380-336-03-4,cytokine production inhibitor|NFkB pathway inhibitor|TP53 activator
BRD-K16551401-003-01-8,serotonin receptor agonist
BRD-K54094468-001-01-6,dopamine receptor antagonist
BRD-K32501161-001-01-7,dopamine uptake inhibitor
BRD-K80738081-001-06-2,cytochrome P450 inhibitor|SIRT activator
BRD-A88254928-001-04-6,adrenergic receptor agonist
BRD-K53318339-001-05-8,phosphodiesterase inhibitor|sodium channel blocker
BRD-A78877355-003-03-6,cyclooxygenase inhibitor
BRD-A95869247-001-04-6,thiazide diuretic
BRD-A38076815-003-03-8,DeltaF508-CFTR Correctors
BRD-K59983611-001-05-2,bacterial antifolate
BRD-K98039984-001-03-0,glucocorticoid receptor agonist
BRD-K12513978-001-05-0,cyclooxygenase inhibitor
BRD-A29289453-001-02-1,platelet activating factor receptor antagonist
BRD-K10870738-001-02-4,lipoxygenase inhibitor
BRD-K18787491-001-04-5,MEK inhibitor
BRD-A80017228-001-05-9,sodium/potassium/chloride transporter inhibitor
BRD-K35240538-001-03-1,glucocorticoid receptor agonist
BRD-A66025870-237-05-1,bacterial cell wall synthesis inhibitor
BRD-K64862097-001-03-9,glucocorticoid receptor agonist
BRD-K50133271-001-05-4,cyclooxygenase inhibitor|prostanoid receptor antagonist
BRD-K50422030-001-01-2,GABA receptor antagonist|GABA receptor modulator
BRD-K36638830-001-02-2,acetylcholine receptor agonist
BRD-K81272440-236-05-1,calcium channel blocker
BRD-K84421793-001-01-1,dopamine receptor agonist
BRD-K46441700-001-01-8,serotonin receptor antagonist
BRD-K19111024-001-05-0,PPAR receptor agonist
BRD-K89125793-001-05-4,antiprotozoal agent
BRD-K45542189-048-05-6,lipoxygenase inhibitor
BRD-A55272860-001-04-7,dopamine receptor antagonist
BRD-A97104540-004-04-4,adrenergic receptor agonist
BRD-A74667430-001-05-3,cyclooxygenase inhibitor
BRD-K50398167-323-03-3,cyclooxygenase inhibitor|prostanoid receptor antagonist
BRD-K82561139-001-05-0,casein kinase inhibitor
BRD-K52989797-001-01-1,serotonin transporter (SERT) inhibitor
BRD-K77987382-001-06-6,acetylcholinesterase inhibitor|microtubule inhibitor|tubulin inhibitor
BRD-A18497530-001-04-6,adenosine kinase inhibitor|nucleoside transporter inhibitor
BRD-K76805682-001-02-7,glycogen synthase kinase inhibitor
BRD-K56699285-001-03-7,dopamine receptor agonist|serotonin receptor antagonist
BRD-K50135270-001-01-9,dopamine uptake inhibitor
BRD-A26334849-001-02-1,antiarrhythmic
BRD-K45662124-001-01-8,dopamine receptor ligand
BRD-K28806945-001-01-9,dopamine receptor antagonist
BRD-K17565903-066-05-8,muscle relaxant
BRD-A53952395-003-05-3,local anesthetic
BRD-K09497549-001-03-6,calcium channel modulator|mTOR inhibitor|sodium channel blocker
BRD-K13544237-001-01-0,dopamine receptor agonist|antiamyloidogenic agent
BRD-A09472452-015-03-6,sodium channel blocker
BRD-K11742128-003-05-1,histamine receptor antagonist
BRD-K88090157-050-04-1,antihistamine
BRD-A05186015-003-05-7,dopamine uptake inhibitor
BRD-A58048407-001-06-3,calcium channel blocker
BRD-A97739905-001-05-9,cyclooxygenase inhibitor
BRD-K85242180-001-01-1,"indoleamine 2,3-dioxygenase inhibitor"
BRD-A64553394-001-02-8,sodium channel activator
BRD-K38251852-001-02-5,ABC transporter expression enhancer|high conductance calcium activated potassium blocker|LXR agonist|potassium channel blocker
BRD-K23583188-001-05-6,EGFR inhibitor|tyrosine kinase inhibitor
BRD-K47936004-001-01-9,dopamine receptor agonist
BRD-K39484304-001-02-5,RNA polymerase inhibitor
BRD-A95096829-300-01-4,dopamine receptor antagonist
BRD-A69777949-001-05-1,topoisomerase inhibitor
BRD-K07208025-001-06-5,dihydrofolate reductase inhibitor
BRD-K48722258-300-03-7,adenosine reuptake inhibitor
BRD-K31342827-001-05-4,PKC inhibitor
BRD-K59574735-001-02-7,leukotriene synthesis inhibitor
BRD-K11196887-001-05-5,bacterial DNA gyrase inhibitor
BRD-K61496577-001-03-8,glucocorticoid receptor agonist
BRD-A97730597-003-03-2,sodium channel blocker
BRD-K35189033-001-03-0,estrogen receptor agonist|glucocorticoid receptor antagonist|progesterone receptor agonist|progesterone receptor antagonist
BRD-K70487031-001-01-0,dopamine receptor antagonist
BRD-K20655524-003-04-7,psychoactive drug
BRD-K58220566-001-02-2,PKC inhibitor|sodium channel blocker|calcium channel blocker
BRD-K13211965-001-01-4,dopamine receptor antagonist
BRD-K28680267-001-01-8,CCK receptor antagonist
BRD-K68143200-001-02-6,CDC inhibitor
BRD-A21858158-001-05-2,anthelmintic agent
BRD-A01078468-001-05-6,synthetic estrogen
BRD-K41406082-001-05-5,PABA antagonist
BRD-K16604360-001-01-8,antiamyloidogenic agent|dopamine receptor agonist
BRD-K82236179-001-05-0,NADPH inhibitor
BRD-K54330070-001-05-5,p38 MAPK inhibitor
BRD-K21283037-001-02-5,glutamate inhibitor
BRD-K57886322-001-03-4,glucocorticoid receptor agonist
BRD-A96897502-001-02-0,lipid peroxidase inhibitor
BRD-K54210043-001-02-0,calcium channel activator|large conductance potassium channel activator
BRD-A41451487-001-01-3,benzodiazepine receptor antagonist
BRD-K00141480-001-03-0,anti-inflammatory agent|interleukin inhibitor
BRD-K77947974-001-04-9,dopamine receptor antagonist
BRD-K24396733-001-01-1,dopamine receptor agonist
BRD-K10314788-003-04-4,nootropic agent
BRD-A28856712-003-05-4,adrenergic receptor agonist
BRD-K47639036-003-03-3,acetylcholine receptor antagonist
BRD-K50388907-001-05-6,PPAR receptor agonist
BRD-K55930204-001-02-7,hydantoin antiepileptic
BRD-K57569181-001-05-1,phosphodiesterase inhibitor
BRD-K89732114-001-03-4,dopamine receptor antagonist
BRD-K36116267-001-05-4,psychoactive drug
BRD-K63630713-001-05-0,sodium/potassium/chloride transporter inhibitor
BRD-K36055864-001-05-1,protein synthesis inhibitor
BRD-K40530731-001-02-5,acetylcholine receptor inhibitor
BRD-K15933101-003-01-2,dopamine receptor agonist|dopamine receptor modulator
BRD-K15519488-001-01-6,dopamine receptor agonist
BRD-K37289225-001-09-1,dopamine receptor antagonist|serotonin receptor antagonist
BRD-K60184833-001-03-1,tyrosine kinase inhibitor
BRD-K37688416-003-05-7,psychoactive drug
BRD-K20620780-001-01-0,dopamine receptor antagonist
BRD-K49061529-001-01-0,GABA benzodiazepine site receptor inverse agonist
BRD-A65076780-001-02-1,adrenergic receptor antagonist|prolactin inhibitor
BRD-K07220430-001-03-6,calcium channel blocker
BRD-A79981887-003-05-7,adrenergic receptor agonist
BRD-K37682401-001-05-1,bacterial DNA gyrase inhibitor
BRD-K30240666-051-05-0,histamine receptor antagonist
BRD-A29734509-001-03-8,sodium channel blocker
BRD-K91263825-003-03-2,tricyclic antidepressant
BRD-K85119730-001-06-5,ATP channel blocker
BRD-K98769987-001-01-3,benzodiazepine receptor antagonist
BRD-K09778810-001-01-5,inositol monophosphatase inhibitor
BRD-A24587114-066-03-5,adrenergic receptor agonist
BRD-A08709697-001-02-9,pyrrolizidine alkaloid
BRD-K52075040-001-02-2,fatty acid synthase inhibitor
BRD-K98530306-003-05-0,adrenergic receptor agonist
BRD-K09416995-001-06-8,HMGCR inhibitor
BRD-A09467419-003-04-2,acetylcholine receptor antagonist
BRD-K01663662-003-03-8,muscarinic antagonist
BRD-K37846922-001-05-2,"CHK inhibitor|cytochrome P450 activator|indoleamine 2,3-dioxygenase inhibitor"
BRD-K76022557-001-01-3,dopamine receptor agonist
BRD-K30867024-001-01-1,serotonin receptor antagonist
BRD-A20348246-001-05-9,GABA receptor modulator
BRD-K58938839-001-03-8,smoothened receptor antagonist|hedgehog pathway inhibitor
BRD-K89272762-001-04-4,chloride channel blocker
BRD-A51820102-008-05-7,lanosterol demethylase inhibitor|sterol demethylase inhibitor
BRD-K90333595-003-04-0,adrenergic receptor antagonist
BRD-K60923938-001-02-8,sodium channel activator
BRD-K66874953-001-02-7,TP53 inhibitor
BRD-K01292756-001-06-0,dopamine receptor antagonist
BRD-A81177136-001-04-4,calcium/calmodulin dependent protein kinase inhibitor|purinergic receptor antagonist
BRD-K14282469-001-01-5,serotonin receptor antagonist
BRD-A43882281-001-06-4,ATP channel activator|potassium channel activator
BRD-K97564742-050-05-3,histamine receptor antagonist
BRD-K86882815-001-01-6,dopamine receptor agonist|prolactin inhibitor|prolactin secretion inhibitor
BRD-A75850590-003-05-6,bacterial DNA gyrase inhibitor
BRD-K32247306-001-05-4,GABA receptor antagonist
BRD-K76812510-236-05-6,cyclooxygenase inhibitor|opioid receptor agonist
BRD-A01636364-003-05-2,sodium channel blocker
BRD-A24191444-045-03-1,adrenergic receptor antagonist|glutamate receptor antagonist
BRD-K34685430-001-01-1,dopamine receptor antagonist|serotonin receptor antagonist
BRD-A99177642-001-02-5,acetylcholine receptor antagonist
BRD-K77925998-001-01-3,serotonin receptor agonist
BRD-K03842655-001-02-1,potassium channel blocker
BRD-K14704277-001-05-1,topoisomerase inhibitor
BRD-K75641298-003-05-2,dopamine receptor antagonist|serotonin receptor antagonist
BRD-K02292852-335-03-1,bacterial cell wall synthesis inhibitor
BRD-A72703248-001-02-7,calcium channel blocker|cytochrome P450 inhibitor
BRD-A65013509-003-03-8,acetylcholine receptor antagonist
BRD-K10042277-001-02-7,cetylcholine receptor agonist|dopamine receptor agonist|dopamine receptor antagonist|dopamine receptor partial agonist|serotonin receptor antagonist|serotonin receptor inverse agonist
BRD-K93080877-001-02-1,tripeptidyl peptidase inhibitor
BRD-K68620903-001-03-1,progesterone receptor agonist
BRD-A84174873-001-05-2,benzodiazepine receptor agonist
BRD-K42095107-001-05-6,estrogen receptor agonist
BRD-K84595254-001-03-0,ATPase inhibitor
BRD-K94689771-001-02-5,cytochrome P450 inhibitor
BRD-K09859624-004-03-9,acetylcholine receptor antagonist
BRD-K67217586-001-02-3,cholinesterase inhibitor
BRD-K72259270-003-05-8,sodium channel blocker
BRD-K27721098-065-02-9,purinergic receptor antagonist
BRD-A35989968-001-02-6,progesterone receptor agonist
BRD-K93332168-001-03-2,monoamine oxidase inhibitor
BRD-K12102668-001-04-0,monoamine oxidase inhibitor
BRD-A17846016-001-03-0,antioxidant
BRD-A35588707-001-02-2,topoisomerase inhibitor
BRD-A83177971-001-02-4,HMGCR inhibitor
BRD-K20338176-002-03-5,bacterial cell wall synthesis inhibitor
BRD-K46982791-001-02-9,potassium channel activator
BRD-K99586414-236-02-3,bacterial cell wall synthesis inhibitor
BRD-K67100011-003-03-0,bacterial cell wall synthesis inhibitor
BRD-A20200672-001-02-2,gap junction modulator
BRD-K73391359-003-03-7,local anesthetic
BRD-A43999749-004-02-5,acetylcholine receptor antagonist
BRD-K99946902-001-02-6,local anesthetic
BRD-A78303415-001-02-7,acetylcholine receptor antagonist
BRD-K08303368-001-02-7,acetylcholinesterase inhibitor
BRD-K08033334-003-02-7,bacterial 30S ribosomal subunit inhibitor
BRD-A41995253-001-02-9,glycine receptor antagonist
BRD-K59284035-001-02-0,EGFR inhibitor
BRD-K60025295-003-02-5,antibiotic
BRD-K73642618-001-05-9,dopamine receptor antagonist
BRD-K59256312-066-03-3,serine protease inhibitor
BRD-A96485169-001-02-8,aldose reductase inhibitor
BRD-K81839095-001-04-6,estrogen receptor agonist
BRD-K10995081-001-05-5,dopamine receptor antagonist
BRD-K27130738-236-03-4,bacterial cell wall synthesis inhibitor
BRD-K97061094-001-03-2,histamine receptor antagonist
BRD-K78294846-001-03-3,calcium channel blocker
BRD-K29113274-001-03-6,sterol demethylase inhibitor
BRD-K04430056-001-02-9,nitric oxide synthase inhibitor
BRD-K46317332-003-06-1,nitric oxide synthase inhibitor
BRD-K42596464-048-03-6,antitussive
BRD-K66808046-065-01-1,chelating agent
BRD-K68558722-001-02-4,cyclooxygenase inhibitor
BRD-A93236127-001-02-9,ATPase inhibitor
BRD-A94709349-001-02-6,muscle relaxant
BRD-A92651262-003-02-1,opioid receptor agonist
BRD-A91452556-001-02-4,estrogen receptor agonist
BRD-A41519720-001-02-2,cholesterol inhibitor|Niemann-Pick C1-like 1 protein antagonist
BRD-K22193694-001-05-2,topical sunscreen agent
BRD-K14204120-003-02-4,histamine receptor antagonist
BRD-K11756522-001-03-2,bacterial DNA inhibitor
BRD-K16474819-001-02-1,analgesic agent
BRD-K87827419-001-02-8,DNA alkylating agent|DNA inhibitor
BRD-K71133585-236-05-2,vitamin K antagonist
BRD-A80871782-004-01-0,trace amine associated receptor agonist
BRD-K15563106-001-02-4,sodium/glucose cotransporter inhibitor
BRD-K87024524-065-05-2,monoamine oxidase inhibitor
BRD-K11640013-001-02-6,PABA antagonist
BRD-K17378184-300-03-4,dopamine receptor agonist
BRD-K60770992-066-05-2,dopamine receptor agonist
BRD-A09539288-004-02-8,acetylcholine receptor antagonist
BRD-A03932035-004-02-7,acetylcholine receptor antagonist
BRD-K26005076-001-03-7,norepinephrine reputake inhibitor
BRD-A48720949-001-02-4,androgen receptor agonist
BRD-K50406511-001-06-2,RNA synthesis inhibitor
BRD-A65767837-001-02-8,glucocorticoid receptor agonist
BRD-K08619574-334-03-9,dopamine receptor antagonist
BRD-A22143024-231-01-2,estrogen receptor agonist
BRD-K49071277-001-02-1,GABA receptor antagonist|TP53 activator
BRD-A41698174-003-03-9,bacterial cell wall synthesis inhibitor
BRD-K26862302-001-02-9,aryl hydrocarbon receptor agonist
BRD-K43149758-001-04-5,androgen receptor agonist|cytochrome P450 inhibitor
BRD-K99121711-001-03-5,sodium channel blocker
BRD-K14705039-001-05-7,dihydropteroate synthase inhibitor
BRD-A56675431-001-04-0,diuretic
BRD-K92588747-001-01-4,dopamine receptor antagonist
BRD-A33749298-001-05-0,cyclooxygenase inhibitor
BRD-A92670106-003-03-9,sodium channel blocker
BRD-K54529596-001-04-0,angiotensin converting enzyme inhibitor
BRD-A11776908-001-03-6,sterol demethylase inhibitor
BRD-K12568846-001-04-7,analgesic agent
BRD-K90733503-002-03-6,bacterial cell wall synthesis inhibitor
BRD-K62456038-001-01-8,dopamine receptor agonist
BRD-K10671814-001-05-6,dihydropteroate synthetase inhibitor
BRD-K06181161-048-04-5,acetylcholine receptor antagonist
BRD-A75552914-001-05-1,cyclooxygenase inhibitor
BRD-K08273968-001-05-9,tubulin polymerization inhibitor
BRD-A44008656-036-05-0,histamine receptor antagonist
BRD-K45435259-001-01-6,Dopamine receptor antagonist
BRD-A83937277-001-03-0,Hydantoin antiepileptic
BRD-K05901394-001-01-1,Dopamine receptor agonist
BRD-A59303141-001-03-9,Thiazide diuretic
BRD-A09925278-003-03-1,Adrenergic receptor agonist
BRD-A36471396-003-02-2,Acetylcholine receptor antagonist
BRD-K14888893-001-02-3,KATP activator
BRD-K03319035-003-02-7,Norepinephrine reuptake inhibitor
BRD-K27499107-001-02-6,IP receptor activator
BRD-A39290993-001-03-2,Androgen receptor antagonist
BRD-A94669766-001-04-2,Aromatase inhibitor
BRD-A73581086-001-01-3,Adrenergic receptor agonist
BRD-A41250306-001-03-4,Thiazide diuretic
BRD-K47323024-003-05-3,Histamine receptor antagonist
BRD-K41707108-001-03-1,Phosphoenolpyruvate carboxylase activator
BRD-A42167015-003-03-7,Adrenergic receptor antagonist
BRD-K65417056-003-03-6,Local anesthetic
BRD-K80348542-339-03-4,Protein synthesis inhibitor
BRD-A43671941-003-03-6,Adrenergic receptor antagonist
BRD-K93280214-004-02-3,GABA receptor antagonist
BRD-K28453807-003-03-9,Cholinergic receptor antagonist
BRD-A87719232-001-02-4,Cyclooxygenase inhibitor
BRD-K54142781-001-02-1,Adrenergic receptor agonist
BRD-A65440446-001-02-5,Adrenergic receptor agonist
BRD-K32755366-003-03-4,Norepinephrine transporter inhibitor
BRD-A78322124-003-03-3,Adrenergic receptor agonist
BRD-A89672324-001-01-4,GABA receptor antagonist
BRD-K01648091-001-01-8,Dopamine receptor antagonist
BRD-A02759312-003-03-9,Adrenergic receptor antagonist
BRD-A72988804-001-03-8,Cyclooxygenase inhibitor
BRD-K18518344-001-03-5,ATPase inhibitor
BRD-K53123955-001-03-0,Phosphofructokinase inhibitor
BRD-K50417881-003-02-6,Dopamine receptor antagonist
BRD-K74913225-001-03-3,Carbonic anhydrase inhibitor
BRD-K05181463-001-01-6,Dopamine receptor antagonist
BRD-K55044200-001-03-9,Penicillin binding protein inhibitor
BRD-K99411983-001-02-3,"Colchicine isomer, non-binder of microtubules"
BRD-K07996107-001-03-3,Acetylcholinesterase inhibitor
BRD-K72903603-001-04-6,Reverse transcriptase inhibitor
BRD-K73589401-001-04-6,mineralocorticoid receptor agonist
BRD-K45861246-001-05-0,Dopamine receptor antagonist
BRD-K88871508-001-01-9,Dopamine receptor agonist
BRD-K59469039-001-04-9,Angiogenesis inhibitor
BRD-A46393198-003-04-2,Immunostimulant
BRD-K26548821-003-03-0,Dopamine receptor agonist
BRD-A13650332-236-03-9,Bacterial cell wall synthesis inhibitor
BRD-A41304429-001-04-9,Adrenergic receptor antagonist
BRD-K64994968-001-03-6,Progesterone receptor agonist
BRD-K12906962-001-02-1,Sodium/calcium exchange inhibitor
BRD-A68723818-050-05-1,Histamine receptor antagonist
BRD-A70514680-003-03-9,Local anesthetic
BRD-A71157293-003-03-5,Vitamin B
BRD-A13946108-001-04-9,Cyclooxygenase inhibitor
BRD-K66206289-003-03-1,Acetylcholine receptor antagonist
BRD-K47278471-003-05-7,Histamine receptor antagonist
BRD-K93441486-067-03-7,Acetylcholine receptor antagonist
BRD-A09062839-003-03-5,Local anesthetic
BRD-A74904029-001-04-0,Casein kinase inhibitor
BRD-A19053259-003-03-3,Anthelmintic
BRD-K64746805-001-02-9,Phosphodiesterase inhibitor
BRD-K02607075-333-03-6,Acetylcholine receptor antagonist
BRD-K27450477-001-03-9,Adenosine deaminase inhibitor
BRD-K85985071-001-03-3,Topoisomerase inhibitor
BRD-A37817666-001-02-2,GABA receptor antagonist
BRD-K30197592-001-01-5,Serotonin receptor agonist
BRD-A06352418-001-03-6,Histamine receptor antagonist
BRD-K98763141-001-06-8,Cyclooxygenase inhibitor
BRD-K29582677-001-02-7,Calcium channel blocker
BRD-K70881766-001-02-3,Acetylcholinesterase inhibitor
BRD-K01902415-001-02-6,PPAR receptor agonist
BRD-K64044582-001-02-8,ACAT inhibitor
BRD-K90976994-001-02-1,Bile acid
BRD-K05653692-001-02-5,Glucosyltransferase inhibitor
BRD-A06726973-001-02-0,cGMP analog
BRD-A39268308-001-02-0,Acetylcholine receptor agonist
BRD-A41941932-001-03-0,Antioxidant
BRD-K20714604-001-01-5,Serotonin receptor partial agonist
BRD-A22844106-001-05-4,Cyclooxygenase inhibitor
BRD-K83597974-003-05-7,Monoamine oxidase inhibitor
BRD-K08973992-001-03-9,Oxidative stress inducer
BRD-K42142750-001-04-9,Antimitotic
BRD-A14395271-074-03-8,Dopamine receptor antagonist
BRD-K62792802-001-02-8,Guanylyl cyclase inhibitor
BRD-K82865713-001-02-6,cAMP inhibitor
BRD-K33396764-001-02-0,Omega 3 fatty acid stimulant
BRD-K02715688-003-03-5,Tyrosine hydroxylase inhibitor
BRD-A47494775-003-03-0,Adrenergic receptor agonist
BRD-A12016240-001-01-7,Serotonin receptor antagonist
BRD-K47192521-001-02-1,Platelet aggregation inhibitor
BRD-K35531059-001-02-4,Guanylyl cyclase activator
BRD-A11605036-001-03-2,GABA receptor antagonist
BRD-K63165456-001-03-3,Adrenergic receptor agonist
BRD-K46211610-003-05-1,Adrenergic receptor antagonist
BRD-A41301928-001-02-5,"Mitochondrial ADP, ATP translocase inhibitor"
BRD-K92778217-001-06-1,Cyclooxygenase inhibitor
BRD-K55424922-001-01-4,Serotonin receptor agonist
BRD-A85587465-001-01-7,Serotonin receptor antagonist
BRD-A10420615-001-02-8,ATPase inhibitor
BRD-K37447567-004-05-3,Opioid receptor antagonist
BRD-A23072235-050-05-2,Histamine receptor antagonist
BRD-A29644307-050-05-5,Dopamine uptake inhibitor
BRD-K40965114-001-01-2,Adrenergic receptor antagonist
BRD-K43290182-001-01-9,Serotonin receptor antagonist
BRD-K86434416-003-03-1,Monoamine oxidase inhibitor
BRD-K31611373-001-02-7,Prostanoid receptor agonist
BRD-K63089472-001-02-7,Inhibitor of methyl esterification of farnesylated proteins
BRD-K76274772-001-02-7,Ceramidase inhibitor
BRD-K15868788-001-01-4,Serotonin receptor antagonist
BRD-K54771420-001-03-2,Cholesterol inhibitor
BRD-A41145729-001-02-7,Retinoid receptor agonist
BRD-A17453586-001-01-9,Serotonin receptor agonist
BRD-K17674993-001-03-1,Corticosteroid agonist
BRD-A44133049-001-01-5,Serotonin receptor antagonist
BRD-K49481516-004-04-3,Acetylcholinesterase inhibitor
BRD-K35941380-001-01-7,Serotonin receptor antagonist
BRD-A84493640-001-03-3,Mitochondrial electron transport inhibitor
BRD-A59215453-003-03-3,Acetylcholine receptor antagonist
BRD-K79437791-001-02-4,Inhibitor of methylation of endogenous isoprenylated proteins
BRD-K46556543-237-03-0,Mineralocorticoid receptor antagonist
BRD-K09635134-001-02-4,negative control for D-erythro-MAPP
BRD-A36066264-001-02-3,Estrogen receptor agonist
BRD-A65449987-001-02-1,Cytochrome P450 inhibitor
BRD-A43974575-065-02-8,Monoamine oxidase inhibitor
BRD-K14536225-001-02-7,Glucosidase inhibitor
BRD-A90131694-001-01-0,Glucocorticoid receptor agonist
BRD-A27887842-001-02-4,Glucocorticoid receptor agonist
BRD-A28970875-300-02-3,Protein synthesis inhibitor
BRD-A09056319-001-02-2,Adrenergic receptor antagonist
BRD-A68930007-001-02-3,ATPase inhibitor
BRD-K12260308-001-02-6,Antifungal
BRD-A17819071-001-02-1,HSP inhibitor
BRD-K82562631-236-02-0,Cyclooxygenase inhibitor
BRD-K23913458-001-02-5,Vitamin K antagonist
BRD-K94325918-001-02-0,Apoptosis stimulant
BRD-K46435977-003-01-2,DNA polymerase inhibitor
BRD-A16332958-001-02-4,Adrenergic receptor agonist
BRD-A01643550-001-02-3,Glucocorticoid receptor agonist
BRD-K96670504-001-01-9,Glucokinase inhibitor
BRD-A02176148-001-02-2,Mitochondrial complex I inhibitor
BRD-K57546357-001-01-6,Breast cancer resistance protein inhibitor
BRD-K46068882-001-02-7,Bacterial quorum sensing inhibitor
BRD-K52075715-001-02-6,Tubulin inhibitor
BRD-A10715913-001-02-0,Dopamine receptor antagonist
BRD-K61269089-001-01-4,Protein kinase inhibitor
BRD-K92123432-237-02-8,Cyclooxygenase inhibitor
BRD-K06147391-003-01-9,Acetylcholine receptor antagonist
BRD-K82036761-003-02-1,Serotonin receptor antagonist
BRD-A68039575-001-02-5,Aromatase inhibitor
BRD-K09668667-001-02-0,Carcinogen
BRD-K08556791-001-02-7,Acetylcholinesterase inhibitor
BRD-A29082194-001-02-4,ATPase inhibitor
BRD-K88849294-001-02-1,Tyrosine phosphatase inhibitor
BRD-K19227686-001-02-0,Indicator dye
BRD-K84175871-003-02-2,Adrenergic receptor agonist
BRD-K34820100-001-02-1,Photosynthesis inhibitor
BRD-K57033106-048-02-8,Histamine receptor antagonist
BRD-K99029477-001-02-6,Photosynthesis inhibitor
BRD-K30296925-001-02-1,Antineoplastic
BRD-A92439610-001-02-4,Glucocorticoid receptor agonist
BRD-K47631482-003-02-1,Mucolytic agent
BRD-K44899736-003-02-1,Monoamine oxidase inhibitor
BRD-A54236247-003-02-7,Adrenergic receptor agonist
BRD-K92678294-001-01-0,Isoflavone
BRD-K40919711-001-02-4,Potassium channel blocker
BRD-K06147391-300-03-5,Acetylcholine receptor antagonist
BRD-K17953061-001-02-8,PKC inhibitor
BRD-A17535965-001-02-2,Acetylcholine receptor antagonist
BRD-K08554278-001-02-4,DNA binding agent
BRD-A09056319-003-03-6,Adrenergic receptor antagonist
BRD-K13261168-001-01-4,Dopamine receptor agonist
BRD-A43849199-001-02-3,Phytotoxin
BRD-K03981224-001-02-9,Progestogen hormone
BRD-K51671335-001-01-5,Dopamine receptor antagonist
BRD-A14395271-001-01-5,Dopamine receptor antagonist
BRD-A55946879-001-02-9,Lipoxygenase inhibitor
BRD-K19360254-001-01-3,Dopamine receptor agonist
BRD-K05528470-001-01-9,Dopamine receptor antagonist
BRD-K74212935-001-03-1,Dopamine agonist
BRD-K06208435-001-02-9,Calcium channel blocker
BRD-A36217750-001-05-6,Uricosuric blocker
BRD-K41996876-001-05-5,EGFR inhibitor
BRD-K28667196-001-02-9,Increases arterial blood pressure
BRD-K54790157-001-06-4,DNA synthesis inhibitor
BRD-K70281171-001-01-7,Dopamine receptor antagonist
BRD-K27710560-001-02-6,SIRT inhibitor
BRD-A11813248-001-02-8,Potassium channel blocker
BRD-K60770992-001-01-8,Dopamine receptor agonist
BRD-K86873305-236-03-0,Bacterial cell wall synthesis inhibitor
BRD-K45401373-001-05-0,Apoptosis stimulant
BRD-K45479396-001-01-8,Serotonin receptor agonist
BRD-K82255054-001-03-5,GABA receptor agonist
BRD-K62929068-001-05-8,Purinergic receptor activator
BRD-K75615183-001-01-7,Adrenergic receptor agonist
BRD-K47693913-001-02-4,Furoquinoline alkaloid
BRD-A79672927-001-05-8,Acetylcholine receptor antagonist
BRD-K86434416-001-02-7,Monoamine oxidase inhibitor
BRD-K82577285-001-01-7,Dopamine receptor agonist
BRD-A64092382-003-04-3,Sodium channel blocker
BRD-A49734948-001-03-3,Plant alkaloid
BRD-K04877770-001-03-4,Farnesyltransferase inhibitor
BRD-K94887716-001-01-5,Serotonin receptor agonist
BRD-K50214219-001-02-4,PARP inhibitor
BRD-A22256192-003-03-7,Adrenergic receptor antagonist
BRD-A01295252-001-01-5,Dopamine receptor ligand
BRD-A49046702-001-01-2,GABA uptake inhibitor
BRD-A39230911-001-03-7,Muscle relaxant
BRD-A49906757-004-03-1,Acetylcholine receptor antagonist
BRD-K35458079-001-04-2,Nootropic agent
BRD-A04668240-001-01-5,GABA receptor antagonist
BRD-K69195780-001-01-5,Serotonin receptor agonist
BRD-A29426959-050-05-8,Histamine receptor antagonist
BRD-A18579359-001-03-1,Neural Wiskott-Aldrich syndrome protein inhibitor
BRD-A24122750-001-01-1,GABA receptor antagonist
BRD-A00993607-003-05-5,Adrenergic receptor antagonist
BRD-K56596464-004-02-4,Sodium channel blocker
BRD-A72483914-001-01-1,Serotonin receptor antagonist
BRD-A51829654-001-01-4,Serotonin receptor antagonist
BRD-A30655177-001-04-1,BTK inhibitor
BRD-K26548821-001-01-8,Dopamine receptor agonist
BRD-K74148702-001-02-0,Cyclooxygenase inhibitor
BRD-K29582677-300-05-6,Calcium channel blocker
BRD-K33204703-001-04-6,PDGFR receptor inhibitor